{
  "restaurants": [
    {
      "id": "wf5o19xhxxkcbhlqdz",
      "name": "Startup Cave Tambahan",
      "description": "Lorem ipsum dolor sit amet, consectetuer adipiscing elit. Aenean commodo ligula eget dolor. Aenean massa. Cum sociis natoque penatibus et magnis dis parturient montes, nascetur ridiculus mus. Donec quam felis, ultricies nec, pellentesque eu, pretium quis, sem. Nulla consequat massa quis enim. Donec pede justo, fringilla vel, aliquet nec, vulputate eget, arcu. In enim justo, rhoncus ut, imperdiet a, venenatis vitae, justo. Nullam dictum felis eu pede mollis pretium. Integer tincidunt. Cras dapibus. Vivamus elementum semper nisi. Aenean vulputate eleifend tellus. Aenean leo ligula, porttitor eu, consequat vitae, eleifend ac, enim. Aliquam lorem ante, dapibus in, viverra quis, feugiat a, tellus. Phasellus viverra nulla ut metus varius laoreet. ",
      "pictureId": "https://restaurant-api.dicoding.dev/images/small/14",
      "city": "Surakarta",
      "category": "Modern, Technology",
      "address": "Jl. Surakarta",
      "food": "Nasigoreng, gado gado, Makanan 5G",
      "drinks": "Es Teh, Es Cream, Es jeruk, Es Teknologi",
      "rating": 3.9
    },
    {
      "id": "6c7bqjgi84kcowlqdz",
      "name": "Bring Your Phone Cafe",
      "description": "Lorem ipsum dolor sit amet, consectetuer adipiscing elit. Aenean commodo ligula eget dolor. Aenean massa. Cum sociis natoque penatibus et magnis dis parturient montes, nascetur ridiculus mus. Donec quam felis, ultricies nec, pellentesque eu, pretium quis, sem. Nulla consequat massa quis enim. Donec pede justo, fringilla vel, aliquet nec, vulputate eget, arcu. In enim justo, rhoncus ut, imperdiet a, venenatis vitae, justo. Nullam dictum felis eu pede mollis pretium. Integer tincidunt. Cras dapibus. Vivamus elementum semper nisi. Aenean vulputate eleifend tellus. Aenean leo ligula, porttitor eu, consequat vitae, eleifend ac, enim. Aliquam lorem ante, dapibus in, viverra quis, feugiat a, tellus. Phasellus viverra nulla ut metus varius laoreet.",
      "pictureId": "https://dicoding-restaurant-api.el.r.appspot.com/images/medium/41",
      "city": "Medan",
      "category": "Traditional, Etnic",
      "address": "Jl. Medan",
      "food": "Nasigoreng, gado gado",
      "drinks": "Es Teh, Es Cream, Es jeruk,",
      "rating": 4.6
    },
    {
      "id": "ljx8i0qu2uckcowlqdz",
      "name": "Run The Gun",
      "description": "Lorem ipsum dolor sit amet, consectetuer adipiscing elit. Aenean commodo ligula eget dolor. Aenean massa. Cum sociis natoque penatibus et magnis dis parturient montes, nascetur ridiculus mus. Donec quam felis, ultricies nec, pellentesque eu, pretium quis, sem. Nulla consequat massa quis enim. Donec pede justo, fringilla vel, aliquet nec, vulputate eget, arcu. In enim justo, rhoncus ut, imperdiet a, venenatis vitae, justo. Nullam dictum felis eu pede mollis pretium. Integer tincidunt. Cras dapibus. Vivamus elementum semper nisi. Aenean vulputate eleifend tellus. Aenean leo ligula, porttitor eu, consequat vitae, eleifend ac, enim. Aliquam lorem ante, dapibus in, viverra quis, feugiat a, tellus. Phasellus viverra nulla ut metus varius laoreet.",
      "pictureId": "https://dicoding-restaurant-api.el.r.appspot.com/images/medium/07",
      "city": "Bali",
      "category": "Traditional, Etnic",
      "address": "Jl. Bali",
      "food": "Nasigoreng, gado gado",
      "drinks": "Es Teh, Es Cream, Es jeruk,",
      "rating": 4.6
    },
    {
      "id": "fe8bbxoazddkcowlqdz",
      "name": "Pangsit Express",
      "description": "Lorem ipsum dolor sit amet, consectetuer adipiscing elit. Aenean commodo ligula eget dolor. Aenean massa. Cum sociis natoque penatibus et magnis dis parturient montes, nascetur ridiculus mus. Donec quam felis, ultricies nec, pellentesque eu, pretium quis, sem. Nulla consequat massa quis enim. Donec pede justo, fringilla vel, aliquet nec, vulputate eget, arcu. In enim justo, rhoncus ut, imperdiet a, venenatis vitae, justo. Nullam dictum felis eu pede mollis pretium. Integer tincidunt. Cras dapibus. Vivamus elementum semper nisi. Aenean vulputate eleifend tellus. Aenean leo ligula, porttitor eu, consequat vitae, eleifend ac, enim. Aliquam lorem ante, dapibus in, viverra quis, feugiat a, tellus. Phasellus viverra nulla ut metus varius laoreet.",
      "pictureId": "https://dicoding-restaurant-api.el.r.appspot.com/images/medium/29",
      "city": "Ternate",
      "category": "Traditional, Etnic",
      "address": "Jl. Ternate",
      "food": "Nasigoreng, gado gado",
      "drinks": "Es Teh, Es Cream, Es jeruk,",
      "rating": 4.8
    },
    {
      "id": "ik1zljmlf68kcowlqdz",
      "name": "Ducky Duck",
      "description": "But I must explain to you how all this mistaken idea of denouncing pleasure and praising pain was born and I will give you a complete account of the system, and expound the actual teachings of the great explorer of the truth, the master-builder of human happiness. No one rejects, dislikes, or avoids pleasure itself, because it is pleasure, but because those who do not know how to pursue pleasure rationally encounter consequences that are extremely painful. Nor again is there anyone who loves or pursues or desires to obtain pain of itself, because it is pain, but because occasionally circumstances occur in which toil and pain can procure him some great pleasure.",
      "pictureId": "https://dicoding-restaurant-api.el.r.appspot.com/images/medium/38",
      "city": "Malang",
      "category": "Traditional, Etnic",
      "address": "Jl. Malang",
      "food": "Nasigoreng, gado gado",
      "drinks": "Es Teh, Es Cream, Es jeruk,",
      "rating": 4.7
    },
    {
      "id": "9jpuzkm6n6jkcowlqdz",
      "name": "Kafein",
      "description": "Lorem ipsum dolor sit amet, consectetuer adipiscing elit. Aenean commodo ligula eget dolor. Aenean massa. Cum sociis natoque penatibus et magnis dis parturient montes, nascetur ridiculus mus. Donec quam felis, ultricies nec, pellentesque eu, pretium quis, sem. Nulla consequat massa quis enim. Donec pede justo, fringilla vel, aliquet nec, vulputate eget, arcu. In enim justo, rhoncus ut, imperdiet a, venenatis vitae, justo. Nullam dictum felis eu pede mollis pretium. Integer tincidunt. Cras dapibus. Vivamus elementum semper nisi. Aenean vulputate eleifend tellus. Aenean leo ligula, porttitor eu, consequat vitae, eleifend ac, enim. Aliquam lorem ante, dapibus in, viverra quis, feugiat a, tellus. Phasellus viverra nulla ut metus varius laoreet.",
      "pictureId": "https://dicoding-restaurant-api.el.r.appspot.com/images/medium/40",
      "city": "Bali",
      "category": "Traditional, Etnic",
      "address": "Jl. Buali",
      "food": "Nasigoreng, gado gado",
      "drinks": "Es Teh, Es Cream, Es jeruk,",
      "rating": 3.8
    },
    {
      "id": "cpl5jpsnuqkkcowlqdz",
      "name": "Makan mudah",
      "description": "Lorem ipsum dolor sit amet, consectetuer adipiscing elit. Aenean commodo ligula eget dolor. Aenean massa. Cum sociis natoque penatibus et magnis dis parturient montes, nascetur ridiculus mus. Donec quam felis, ultricies nec, pellentesque eu, pretium quis, sem. Nulla consequat massa quis enim. Donec pede justo, fringilla vel, aliquet nec, vulputate eget, arcu. In enim justo, rhoncus ut, imperdiet a, venenatis vitae, justo. Nullam dictum felis eu pede mollis pretium. Integer tincidunt. Cras dapibus. Vivamus elementum semper nisi. Aenean vulputate eleifend tellus. Aenean leo ligula, porttitor eu, consequat vitae, eleifend ac, enim. Aliquam lorem ante, dapibus in, viverra quis, feugiat a, tellus. Phasellus viverra nulla ut metus varius laoreet.",
      "pictureId": "https://dicoding-restaurant-api.el.r.appspot.com/images/medium/08",
      "city": "Malang",
      "category": "Traditional, Etnic",
      "address": "Jl. Mualang",
      "food": "Nasigoreng, gado gado",
      "drinks": "Es Teh, Es Cream, Es jeruk,",
      "rating": 4.6
    },
    {
      "id": "iqtf9hmdzvbkcowlqdz",
      "name": "Saya Suka",
      "description": "But I must explain to you how all this mistaken idea of denouncing pleasure and praising pain was born and I will give you a complete account of the system, and expound the actual teachings of the great explorer of the truth, the master-builder of human happiness. No one rejects, dislikes, or avoids pleasure itself, because it is pleasure, but because those who do not know how to pursue pleasure rationally encounter consequences that are extremely painful. Nor again is there anyone who loves or pursues or desires to obtain pain of itself, because it is pain, but because occasionally circumstances occur in which toil and pain can procure him some great pleasure.",
      "pictureId": "https://dicoding-restaurant-api.el.r.appspot.com/images/medium/32",
      "city": "Surabaya",
      "category": "Traditional, Etnic",
      "address": "Jl. Surbaya",
      "food": "Nasigoreng, gado gado",
      "drinks": "Es Teh, Es Cream, Es jeruk,",
      "rating": 3.6
    },
    {
      "id": "8i06gqcc2dpkcowlqdz",
      "name": "Gigitan Cepat",
      "description": "Lorem ipsum dolor sit amet, consectetuer adipiscing elit. Aenean commodo ligula eget dolor. Aenean massa. Cum sociis natoque penatibus et magnis dis parturient montes, nascetur ridiculus mus. Donec quam felis, ultricies nec, pellentesque eu, pretium quis, sem. Nulla consequat massa quis enim. Donec pede justo, fringilla vel, aliquet nec, vulputate eget, arcu. In enim justo, rhoncus ut, imperdiet a, venenatis vitae, justo. Nullam dictum felis eu pede mollis pretium. Integer tincidunt. Cras dapibus. Vivamus elementum semper nisi. Aenean vulputate eleifend tellus. Aenean leo ligula, porttitor eu, consequat vitae, eleifend ac, enim. Aliquam lorem ante, dapibus in, viverra quis, feugiat a, tellus. Phasellus viverra nulla ut metus varius laoreet.",
      "pictureId": "https://dicoding-restaurant-api.el.r.appspot.com/images/medium/45",
      "city": "Aceh",
      "category": "Traditional, Etnic",
      "address": "Jl. Cehceh",
      "food": "Nasigoreng, gado gado",
      "drinks": "Es Teh, Es Cream, Es jeruk,",
      "rating": 4
    },
    {
      "id": "wf5o19xhxxkcowlqdz",
      "name": "Fairy Cafe",
      "description": "But I must explain to you how all this mistaken idea of denouncing pleasure and praising pain was born and I will give you a complete account of the system, and expound the actual teachings of the great explorer of the truth, the master-builder of human happiness. No one rejects, dislikes, or avoids pleasure itself, because it is pleasure, but because those who do not know how to pursue pleasure rationally encounter consequences that are extremely painful. Nor again is there anyone who loves or pursues or desires to obtain pain of itself, because it is pain, but because occasionally circumstances occur in which toil and pain can procure him some great pleasure.",
      "pictureId": "https://dicoding-restaurant-api.el.r.appspot.com/images/medium/04",
      "city": "Malang",
      "category": "Traditional, Etnic",
      "address": "Jl. Mualgn",
      "food": "Nasigoreng, gado gado",
      "drinks": "Es Teh, Es Cream, Es jeruk,",
      "rating": 3.9
    }
  ]
}
